{
    "name": "bfh-currency",
    "title": "Bootstrap Form Helpers Currency Picker",
    "description": "Currency Picker jQuery plugin for Bootstrap.",
    "keywords": [
        "form",
        "input",
        "currency"
    ],
    "version": "1.9.1",
    "author": {
        "name": "Vincent Lamanna",
        "url": "http://vincentlamanna.com"
    },
    "licenses": [
        {
            "type": "Apache License v2.0",
            "url": "http://www.apache.org/licenses/LICENSE-2.0"
        }
    ],
    "bugs": "https://github.com/vlamanna/BootstrapFormHelpers/issues",
    "homepage": "http://bootstrapformhelpers.com",
    "docs": "http://bootstrapformhelpers.com/currency",
    "download": "https://github.com/vlamanna/BootstrapFormHelpers/archive/master.zip",
    "dependencies": {
        "jquery": ">=1.7"
    }
}